24-000321;F4-B46-0032-H1;Null;Null;Null;Null;"<div style=""clear: both""></div>
<p>Bilstein 4600 Series Shock Absorbers and Struts are designed specifically to help your truck, van or SUV reach its pinnacle in ride performance and handling, while still providing the comfortable ride that has come to be expected from the name BILSTEIN. A 4600 Series equipped vehicle offers superior control compared to conventional alternatives, allowing you to keep cargo secure-from your kids to work equipment, mile after mile. Utilizing our patented design, the dampers allow the vehicle to glide over every type of road surface you may encounter while maintaining complete command at all times. These dampers are the least expensive and most effective upgrade to extend the service life of any vehicle out on the road today.
<div class=""noprint""><b><a href=""/pdfs/E4-WM5-Y217A00.pdf"">Download Installation Instructions</a></b> <img src=""/images/pdficon_small.gif"" alt=""PDF"" style=""max-width: 12px"" /></div>
<br /><div class=""noprint""><h3 onClick=""$('#vehicleapps').toggle(200);""><img src=""/images/silk/add.png"" height=""12px"" /> <a href="""" onClick=""return false"">View Vehicle Applications</a></h3></div><div id=""vehicleapps"" style=""display: none""><h4>Volkswagen</h4>
1950 Volkswagen Beetle Base H4 1.1L Front<br />1950 Volkswagen Beetle Deluxe H4 1.1L Front<br />1951 Volkswagen Beetle Base H4 1.1L Front<br />1951 Volkswagen Beetle Deluxe H4 1.1L Front<br />1952 Volkswagen Beetle Base H4 1.1L Front<br />1952 Volkswagen Beetle Deluxe H4 1.1L Front<br />1953 Volkswagen Beetle Base H4 1.1L Front<br />1953 Volkswagen Beetle Deluxe H4 1.1L Front<br />1954 Volkswagen Beetle Base H4 1.2L Front<br />1954 Volkswagen Beetle Base H4 1.1L Front<br />1954 Volkswagen Beetle Deluxe H4 1.2L Front<br />1955 Volkswagen Beetle Base H4 1.2L Front<br />1955 Volkswagen Beetle Deluxe H4 1.2L Front<br />1955 Volkswagen Transporter Base H4 1.2L Front<br />1956 Volkswagen Beetle Base H4 1.2L Front<br />1956 Volkswagen Beetle Deluxe H4 1.2L Front<br />1956 Volkswagen Karmann Ghia Base H4 1.2L Front<br />1956 Volkswagen Transporter Base H4 1.2L Front<br />1957 Volkswagen Beetle Base H4 1.2L Front<br />1957 Volkswagen Beetle Deluxe H4 1.2L Front<br />1957 Volkswagen Karmann Ghia Base H4 1.2L Front<br />1957 Volkswagen Transporter Base H4 1.2L Front<br />1958 Volkswagen Beetle Base H4 1.2L Front<br />1958 Volkswagen Beetle Deluxe H4 1.2L Front<br />1958 Volkswagen Karmann Ghia Base H4 1.2L Front<br />1958 Volkswagen Transporter Base H4 1.2L Front<br />1959 Volkswagen Beetle Base H4 1.2L Front<br />1959 Volkswagen Beetle Deluxe H4 1.2L Front<br />1959 Volkswagen Karmann Ghia Base H4 1.2L Front<br />1959 Volkswagen Transporter Base H4 1.2L Front<br />1960 Volkswagen Beetle Base H4 1.2L Front<br />1960 Volkswagen Beetle Deluxe H4 1.2L Front<br />1960 Volkswagen Karmann Ghia Base H4 1.2L Front<br />1960 Volkswagen Transporter Base H4 1.2L Front<br />1961 Volkswagen Beetle Base H4 1.2L Front<br />1961 Volkswagen Beetle Deluxe H4 1.2L Front<br />1961 Volkswagen Karmann Ghia Base H4 1.2L Front<br />1961 Volkswagen Transporter Base H4 1.2L Front<br />1962 Volkswagen Beetle Base H4 1.2L Front<br />1962 Volkswagen Beetle Deluxe H4 1.2L Front<br />1962 Volkswagen Karmann Ghia Base H4 1.2L Front<br />1962 Volkswagen Transporter Base H4 1.2L Front<br />1963 Volkswagen Beetle Base H4 1.2L Front<br />1963 Volkswagen Beetle Deluxe H4 1.2L Front<br />1963 Volkswagen Karmann Ghia Base H4 1.2L Front<br />1963 Volkswagen Transporter Base H4 1.5L Front<br />1963 Volkswagen Transporter Base H4 1.2L Front<br />1964 Volkswagen Beetle Base H4 1.2L Front<br />1964 Volkswagen Karmann Ghia Base H4 1.2L Front<br />1964 Volkswagen Transporter Base H4 1.5L Front<br />1964 Volkswagen Transporter Base H4 1.2L Front<br />1965 Volkswagen Beetle Base H4 1.2L Front<br />1965 Volkswagen Karmann Ghia Base H4 1.2L Front<br />1965 Volkswagen Transporter Base H4 1.5L Front<br />1965 Volkswagen Transporter Base H4 1.2L Front<br />1966 Volkswagen Squareback Base H4 1.6L Front<br />1966 Volkswagen Transporter Base H4 1.5L Front<br />1967 Volkswagen Squareback Base H4 1.6L Front<br />1967 Volkswagen Transporter Base H4 1.5L Front<br />1968 Volkswagen Squareback Base H4 1.6L Front<br />1968 Volkswagen Transporter Base H4 1.6L Front<br />1969 Volkswagen Squareback Base H4 1.6L Front<br />1969 Volkswagen Transporter Base H4 1.6L Front<br />1970 Volkswagen Squareback Base H4 1.6L Front<br />1971 Volkswagen Squareback Base H4 1.6L Front<br />1972 Volkswagen Squareback Base H4 1.6L Front<br />1973 Volkswagen Squareback Base H4 1.6L Front<br /></div></div>
<div class=""noprint"">
<div id=""fb-root""></div><script src=""http://connect.facebook.net/en_US/all.js#xfbml=1""></script><fb:like href="""" send=""true"" width=""450"" show_faces=""false"" font=""verdana""></fb:like>
<div id=""printer"" style=""position: absolute; right: 25px; bottom: 25px;""><input type=""button"" class=""btn btn-blue"" value=""Print Result"" onClick=""window.print(); return false;"" /></div>
</di"
;Null;Null;Null;Null;Null;
;Null;Null;Null;Null;Null;
24-001960;F4-B46-0196-H1;Null;Null;Null;Null;"<div style=""clear: both""></div>
<p>Bilstein 4600 Series Shock Absorbers and Struts are designed specifically to help your truck, van or SUV reach its pinnacle in ride performance and handling, while still providing the comfortable ride that has come to be expected from the name BILSTEIN. A 4600 Series equipped vehicle offers superior control compared to conventional alternatives, allowing you to keep cargo secure-from your kids to work equipment, mile after mile. Utilizing our patented design, the dampers allow the vehicle to glide over every type of road surface you may encounter while maintaining complete command at all times. These dampers are the least expensive and most effective upgrade to extend the service life of any vehicle out on the road today.
<div class=""noprint""><b><a href=""/pdfs/Generic_instructions.pdf"">Download Installation Instructions</a></b> <img src=""/images/pdficon_small.gif"" alt=""PDF"" style=""max-width: 12px"" /></div>
<br /><div class=""noprint""><h3 onClick=""$('#vehicleapps').toggle(200);""><img src=""/images/silk/add.png"" height=""12px"" /> <a href="""" onClick=""return false"">View Vehicle Applications</a></h3></div><div id=""vehicleapps"" style=""display: none""><h4>Isuzu</h4>
1984 Isuzu Trooper Base L4 2.2L Rear<br />1984 Isuzu Trooper Base L4 1.9L Rear<br />1985 Isuzu Trooper Base L4 1.9L Rear<br />1986 Isuzu Trooper LX L4 2.2L Rear<br />1986 Isuzu Trooper LX L4 2.3L Rear<br />1986 Isuzu Trooper DLX L4 2.2L Rear<br />1986 Isuzu Trooper DLX L4 2.3L Rear<br />1986 Isuzu Trooper LS L4 2.2L Rear<br />1986 Isuzu Trooper LS L4 2.3L Rear<br /></div></div>
<div class=""noprint"">
<div id=""fb-root""></div><script src=""http://connect.facebook.net/en_US/all.js#xfbml=1""></script><fb:like href="""" send=""true"" width=""450"" show_faces=""false"" font=""verdana""></fb:like>
<div id=""printer"" style=""position: absolute; right: 25px; bottom: 25px;""><input type=""button"" class=""btn btn-blue"" value=""Print Result"" onClick=""window.print(); return false;"" /></div>
</di"
